{
    "breadcrumb": {
        "builder": false,
        "no_selection":true,
        "name": "Breadcrumb"
    },
    "banner": {
        "builder": true,
        "no_selection":true,
        "name": "Banner",
        "element": {
            "images":{
                "background_image":{
                    "size":"1000x586"
                }
            },
            "subtitle": "text",
            "title": "text",
            "content": "textarea",
            "button_1_name": "text",
            "button_1_url": "text",
            "button_2_name": "text",
            "button_2_url": "text",
            "modal": false
        }
    },
    "vehicle_rent": {
        "builder": true,
        "name": "Vehicle Rent",
        "content": {
            "sub_heading": "text",
            "heading": "text",
            "stylish_text": "text"
        }
    },
    "choose_us": {
        "builder": true,
        "name": "Why Choose Us",
        "content": {
            "images":{
                "image":{
                    "size":"909x551"
                }
            },
            "sub_heading": "text",
            "heading": "text",
            "stylish_text": "text"
        },
        "element": {
            "icon": "icon",
            "title": "text",
            "details": "textarea",
            "modal": true
        }
    },
    "how_work": {
        "builder": true,
        "name": "How It Works",
        "content": {
            "stylish_text": "text"
        },
        "element": {
            "images":{
                "image":{
                    "size":"907x626"
                }
            },
            "title": "text",
            "content": "textarea",
            "modal": true
        }
    },
    "app": {
        "builder": true,
        "name": "Apps",
        "content": {
            "images":{
                "image":{
                    "size":"1042x2114"
                }
            },
            "sub_heading": "text",
            "heading": "text",
            "content": "textarea",
            "app_store_link": "text",
            "google_play_link": "text",
            "stylish_text": "text"
        }
    },
    "plan": {
        "builder": true,
        "name": "Plans",
        "content": {
            "sub_heading": "text",
            "heading": "text",
            "stylish_text_left": "text",
            "stylish_text_right": "text"
        }
    },
    "faq": {
        "builder": true,
        "name": "FAQ",
        "content": {
            "sub_heading": "text",
            "heading": "text",
            "stylish_text_left": "text",
            "stylish_text_right": "text"
        },
        "element": {
            "question": "text",
            "answer": "textarea",
            "modal": true
        }
    },
    "testimonial": {
        "builder": true,
        "name": "Testimonial",
        "content": {
            "sub_heading": "text",
            "heading": "text",
            "stylish_text_left": "text",
            "stylish_text_right": "text"
        },
        "element": {
            "images":{
                "image":{
                    "size":"120x120"
                }
            },
            "name": "text",
            "designation": "text",
            "review": "textarea",
            "rating": "text",
            "modal": true
        }
    },
    "about": {
        "builder": true,
        "name": "About Us",
        "content": {
            "images":{
                "image":{
                    "size":"837x554"
                }
            },
            "heading": "text",
            "content": "textarea",
            "button_1_name": "text",
            "button_1_url": "text",
            "button_2_name": "text",
            "button_2_url": "text",
            "stylish_text": "text"
        }
    },

    "blog": {
        "builder": true,
        "name": "Blog",
        "content": {
            "sub_heading": "text",
            "heading": "text",
            "stylish_text_left": "text",
            "stylish_text_right": "text"
        },
        "element": {
            "images":{
                "image":{
                    "size":"900x600"
                }
            },
            "title": "text",
            "description": "textarea-nic",
            "modal": false
        }
    },

    "subscribe": {
        "builder": true,
        "no_selection": true,
        "name": "Subscribe",
        "content": {
            "content": "text"
        }
    },
    "social_icon": {
        "builder": true,
        "no_selection": true,
        "name": "Social Icons",
        "element": {
            "social_icon": "icon",
            "url": "text",
            "modal": true
        }
    },

    "footer": {
        "builder": true,
        "no_selection": true,
        "name": "Footer",
        "content": {
            "content": "text",
            "copyright": "text"
        }
    },

    "policy_pages": {
        "builder": true,
        "no_selection":true,
        "name": "Policy Pages",
        "element": {
            "title": "text",
            "details": "textarea-nic",
            "modal": false
        }
    },

    "contact": {
        "builder": true,
        "no_selection":true,
        "name": "Contact",
        "content": {
            "email": "text",
            "phone": "text",
            "address": "text",
            "map_latitude": "text",
            "map_longitude": "text"
        }
    },

    "rental_terms": {
        "builder": true,
        "no_selection":true,
        "name": "Rental Terms",
        "content": {
            "title": "text",
            "content": "textarea-nic"
        }
    }
}
